{"1": [799.0872727, 305.5, 88.0], "2": [850.9412121, 305.5, 132.0], "3": [842.9616279, 305.5, 172.0], "4": [883.1030769, 305.5, 208.0], "5": [883.1030769, 305.5, 208.0], "6": [886.7424138, 305.5, 116.0], "7": [927.2511765, 305.5, 68.0], "8": [823.3447059, 377.5, 68.0], "9": [839.8816327, 377.5, 196.0], "10": [788.0880597, 377.5, 268.0], "11": [800.148, 377.5, 80.0], "12": [805.1325641, 377.5, 156.0], "13": [843.031875, 377.5, 64.0], "14": [732.4678846, 269.5, 208.0], "15": [755.6470833, 269.5, 192.0], "16": [797.7953448, 487.0, 232.0], "17": [796.798, 450.5, 80.0], "18": [796.798, 450.5, 80.0], "19": [794.9242857, 450.5, 140.0], "20": [791.2493846, 450.5, 260.0], "21": [800.4789806, 450.5, 824.0], "22": [711.7013636, 522.5, 88.0], "23": [775.8733333, 522.5, 96.0], "24": [810.4855556, 522.5, 144.0], "25": [965.3921429, 522.5, 56.0], "26": [970.2287805, 522.5, 164.0], "27": [1014.526818, 522.5, 88.0], "28": [1017.40541, 522.5, 244.0], "29": [1086.462963, 522.5, 108.0], "30": [1090.532048, 522.5, 332.0], "31": [1087.4205, 522.5, 80.0], "32": [1090.2728, 522.5, 200.0], "33": [1086.77971, 522.5, 276.0], "34": [1082.63254, 522.5, 252.0], "35": [1084.316667, 522.5, 72.0], "36": [726.6478571, 559.5, 112.0], "37": [736.4153226, 559.5, 248.0], "38": [788.8375, 559.5, 80.0], "39": [791.1623077, 559.5, 104.0], "40": [818.204527, 559.5, 592.0], "41": [815.8593333, 559.5, 120.0], "42": [812.6604545, 559.5, 88.0], "43": [941.4934286, 559.5, 140.0], "44": [937.7466667, 559.5, 84.0], "45": [986.2088235, 559.5, 68.0], "46": [997.8620588, 559.5, 272.0], "47": [1001.911176, 559.5, 68.0], "48": [1034.851389, 559.5, 144.0], "49": [1119.260725, 559.5, 276.0], "50": [702.9292157, 595.5, 204.0], "51": [822.5316514, 595.5, 436.0], "52": [818.1022581, 595.5, 124.0], "53": [791.365, 595.5, 72.0], "54": [961.2559459, 595.5, 148.0], "55": [938.8041667, 595.5, 192.0], "56": [1008.177451, 595.5, 204.0], "57": [1011.977097, 595.5, 124.0], "58": [1118.8556, 595.5, 100.0], "59": [947.94, 595.5, 116.0], "60": [722.9642553, 595.5, 188.0], "61": [783.3592105, 595.5, 152.0], "62": [1037.209412, 595.5, 136.0], "63": [1034.090556, 595.5, 144.0], "64": [760.4171154, 631.5, 208.0], "65": [834.4272222, 631.5, 72.0], "66": [842.5101754, 631.5, 228.0], "67": [834.1164, 631.5, 100.0], "68": [880.1916279, 631.5, 172.0], "69": [887.1172727, 631.5, 220.0], "70": [927.1336842, 631.5, 228.0], "71": [926.0983333, 631.5, 264.0], "72": [927.917931, 631.5, 116.0], "73": [1072.587073, 631.5, 164.0], "74": [1075.667447, 631.5, 188.0], "75": [968.5740741, 668.0, 216.0], "76": [750.8708333, 668.0, 96.0], "77": [758.0146667, 668.0, 60.0], "78": [820.8114493, 668.0, 276.0], "79": [975.0717647, 668.0, 68.0], "80": [970.7290909, 668.0, 88.0], "81": [966.49375, 668.0, 64.0], "82": [1032.838929, 668.0, 336.0], "83": [1028.027941, 668.0, 136.0], "84": [1028.671786, 668.0, 112.0], "85": [1032.636, 668.0, 60.0], "86": [1036.28, 668.0, 56.0], "87": [1038.206316, 668.0, 152.0], "88": [1038.059787, 595.5, 188.0], "89": [853.2864706, 559.5, 136.0], "90": [782.3306452, 559.5, 124.0], "91": [790.2619231, 559.5, 104.0], "92": [984.1370732, 595.5, 164.0], "93": [985.794375, 595.5, 64.0], "94": [953.7945455, 595.5, 88.0], "95": [947.8588889, 595.5, 180.0], "96": [1066.823494, 595.5, 332.0], "97": [1116.570291, 595.5, 412.0], "98": [1101.753333, 668.0, 168.0], "99": [943.9705263, 668.0, 76.0], "100": [879.6929231, 668.0, 260.0], "101": [881.1389286, 668.0, 112.0], "102": [980.8147059, 668.0, 136.0], "103": [985.9912, 668.0, 100.0], "104": [982.6713333, 668.0, 60.0], "105": [1019.766667, 668.0, 84.0], "106": [1022.011087, 668.0, 184.0], "107": [1069.861579, 668.0, 76.0], "108": [982.7728205, 595.5, 156.0], "109": [859.2832, 595.5, 400.0], "110": [802.775, 741.0, 72.0], "111": [797.616, 741.0, 60.0], "112": [865.7792857, 704.5, 56.0], "113": [862.6489474, 704.5, 152.0], "114": [862.6594595, 704.5, 148.0], "115": [856.7344444, 704.5, 72.0], "116": [860.2829167, 704.5, 96.0], "117": [985.8316, 704.5, 100.0], "118": [982.3744, 704.5, 100.0], "119": [1080.0327087778428, 699.7849452950256, 128.0], "120": [1144.7035551076528, 740.9391202321774, 96.0], "121": [925.509, 741.0, 80.0], "122": [927.4278261, 741.0, 92.0], "123": [781.7303846, 741.0, 104.0], "124": [842.2440741, 741.0, 108.0], "125": [845.4118919, 741.0, 148.0], "126": [998.195625, 741.0, 64.0], "127": [992.2164865, 741.0, 148.0], "128": [966.7182353, 741.0, 68.0], "129": [971.8393333, 741.0, 60.0], "130": [975.6094595, 595.5, 148.0], "131": [742.4513953, 595.5, 172.0], "132": [826.79125, 595.5, 160.0], "133": [832.2552174, 595.5, 92.0], "134": [972.8880488, 595.5, 164.0], "135": [943.9045098, 595.5, 204.0], "136": [1019.8075, 595.5, 208.0], "137": [1018.444146, 595.5, 328.0], "138": [1038.262105, 595.5, 76.0], "139": [1134.196154, 595.5, 104.0], "140": [1214.189412, 595.5, 340.0], "141": [899.1015, 559.5, 80.0], "142": [886.4221875, 559.5, 128.0]}